ORIGINAL_CATEGORY,SIMPLIFIED_CATEGORY
general_dentistry,Healthcare & Medical
hardware_store,Retail & Shopping
thai_restaurant,Food & Dining
baseball_field,Entertainment & Recreation
business_to_business_services,Professional Services
surfing,Entertainment & Recreation
pet_waste_removal,Professional Services
bus_ticket_agency,Transportation
metal_detector_services,Automotive
fire_department,Government & Public Services
hookah_bar,Food & Dining
business_storage_and_transportation,Professional Services
shades_and_blinds,Other
commercial_vehicle_dealer,Automotive
vocal_coach,Transportation
thrift_store,Retail & Shopping
ice_cream_and_frozen_yoghurt,Food & Dining
electronic_parts_supplier,Automotive
threads_and_yarns_wholesaler,Retail & Shopping
episcopal_church,Religious & Spiritual
b2b_scientific_equipment,Other
champagne_bar,Food & Dining
gardener,Home & Garden
home_theater_systems_stores,Retail & Shopping
campground,Accommodation
pet_photography,Other
mohel,Other
maternity_centers,Healthcare & Medical
emissions_inspection,Automotive
kiosk,Other
b2b_forklift_dealers,Automotive
tabletop_games,Entertainment & Recreation
farm_equipment_and_supply,Automotive
undersea_hyperbaric_medicine,Food & Dining
social_media_company,Community & Social Services
science_schools,Education & Learning
books_mags_music_and_video,Entertainment & Recreation
gemstone_and_mineral,Government & Public Services
appellate_practice_lawyers,Professional Services
propane_supplier,Industrial & Manufacturing
infectious_disease_specialist,Natural Features & Outdoor
transport_interchange,Transportation
aquatic_pet_store,Retail & Shopping
dam,Other
pentecostal_church,Religious & Spiritual
halal_restaurant,Food & Dining
cardio_classes,Education & Learning
eyelash_service,Automotive
fish_farm,Other
irish_restaurant,Food & Dining
brasserie,Food & Dining
church_cathedral,Religious & Spiritual
haunted_house,Home & Garden
sunglasses_store,Retail & Shopping
packaging_contractors_and_service,Professional Services
foundation_repair,Professional Services
furniture_accessory_store,Retail & Shopping
muay_thai_club,Entertainment & Recreation
unemployment_office,Government & Public Services
public_phones,Food & Dining
convenience_store,Retail & Shopping
boot_camp,Other
clothing_company,Transportation
construction_management,Professional Services
venezuelan_restaurant,Food & Dining
eastern_european_restaurant,Food & Dining
volleyball_club,Entertainment & Recreation
jewelry_manufacturer,Industrial & Manufacturing
outdoor_gear,Retail & Shopping
formal_wear_store,Retail & Shopping
specialty_foods,Food & Dining
coin_dealers,Automotive
clown,Other
martial_arts_club,Entertainment & Recreation
flea_market,Retail & Shopping
mining,Other
orthopedic_shoe_store,Retail & Shopping
dental_laboratories,Healthcare & Medical
home_inspector,Professional Services
pain_management,Healthcare & Medical
boxing_class,Entertainment & Recreation
sports_psychologist,Healthcare & Medical
island,Natural Features & Outdoor
shoe_repair,Automotive
playground,Entertainment & Recreation
go_kart_club,Entertainment & Recreation
speakeasy,Food & Dining
law_schools,Professional Services
ethical_grocery,Retail & Shopping
suicide_prevention_services,Automotive
business_management_services,Professional Services
synagogue,Religious & Spiritual
emergency_service,Automotive
childrens_clothing_store,Retail & Shopping
fur_clothing,Transportation
desert,Natural Features & Outdoor
grocery_store,Retail & Shopping
laser_hair_removal,Beauty & Personal Care
seaplane_bases,Natural Features & Outdoor
scandinavian_restaurant,Food & Dining
electrical_wholesaler,Retail & Shopping
danish_restaurant,Food & Dining
agricultural_cooperatives,Religious & Spiritual
oil_refiners,Other
nutritionist,Beauty & Personal Care
divorce_and_family_law,Professional Services
welding_supply_store,Retail & Shopping
b2b_food_products,Food & Dining
hydraulic_repair_service,Automotive
building_supply_store,Retail & Shopping
information_technology_company,Other
elder_care_planning,Healthcare & Medical
printing_equipment_and_supply,Automotive
go_kart_track,Entertainment & Recreation
civic_center,Community & Social Services
attraction_farm,Other
emergency_medicine,Healthcare & Medical
cardiologist,Healthcare & Medical
trailer_dealer,Automotive
zoo,Entertainment & Recreation
furniture_rental_service,Automotive
rugby_pitch,Other
shoe_shining_service,Automotive
jail_and_prison,Government & Public Services
marketing_agency,Retail & Shopping
office_equipment,Government & Public Services
packing_services,Professional Services
b2b_equipment_maintenance_and_repair,Automotive
ticket_sales,Industrial & Manufacturing
bus_rentals,Automotive
seafood_restaurant,Food & Dining
iv_hydration,Healthcare & Medical
racing_experience,Entertainment & Recreation
fish_restaurant,Food & Dining
contractor,Professional Services
land_surveying,Professional Services
kitchen_remodeling,Home & Garden
animal_hospital,Healthcare & Medical
afghan_restaurant,Food & Dining
studio_taping,Accommodation
garbage_collection_service,Professional Services
coworking_space,Beauty & Personal Care
makerspace,Beauty & Personal Care
barbecue_restaurant,Food & Dining
pasta_shop,Retail & Shopping
automotive_parts_and_accessories,Retail & Shopping
air_duct_cleaning_service,Professional Services
wheel_and_rim_repair,Automotive
scooter_tours,Entertainment & Recreation
nursery_and_gardening,Home & Garden
auto_customization,Automotive
child_care_and_day_care,Automotive
rental_service,Automotive
honduran_restaurant,Food & Dining
personal_chef,Other
kosher_grocery_store,Retail & Shopping
b2b_storage_and_warehouses,Retail & Shopping
ear_nose_and_throat,Other
midwife,Healthcare & Medical
shoe_factory,Industrial & Manufacturing
water_purification_services,Automotive
cosmetic_dentist,Healthcare & Medical
b2b_apparel,Other
virtual_reality_center,Community & Social Services
plus_size_clothing,Retail & Shopping
forestry_consultants,Natural Features & Outdoor
physical_therapy,Healthcare & Medical
florist,Retail & Shopping
cpr_classes,Education & Learning
car_stereo_store,Retail & Shopping
lawn_mower_store,Retail & Shopping
scientific_laboratories,Other
teeth_whitening,Beauty & Personal Care
malaysian_restaurant,Food & Dining
beauty_salon,Beauty & Personal Care
pet_store,Retail & Shopping
marina,Entertainment & Recreation
history_museum,Entertainment & Recreation
industrial_cleaning_services,Professional Services
pumpkin_patch,Other
trail,Transportation
coffee_and_tea_supplies,Food & Dining
religious_organization,Religious & Spiritual
door_sales_service,Automotive
pediatric_surgery,Healthcare & Medical
deck_and_railing_sales_service,Automotive
social_security_services,Professional Services
csa_farm,Other
key_and_locksmith,Automotive
beach_resort,Entertainment & Recreation
free_diving_center,Entertainment & Recreation
painting,Professional Services
railroad_freight,Professional Services
baseball_stadium,Entertainment & Recreation
european_restaurant,Food & Dining
apartment_agent,Accommodation
wine_tasting_classes,Education & Learning
vermouth_bar,Food & Dining
pig_farm,Other
coffee_shop,Food & Dining
bartender,Food & Dining
auto_glass_service,Automotive
rug_store,Retail & Shopping
sandwich_shop,Food & Dining
plumbing,Professional Services
frozen_foods,Food & Dining
argentine_restaurant,Food & Dining
tire_repair_shop,Retail & Shopping
traffic_ticketing_law,Professional Services
credit_union,Professional Services
poke_restaurant,Food & Dining
barre_classes,Food & Dining
plastic_company,Other
cannabis_collective,Community & Social Services
disc_golf_course,Entertainment & Recreation
retail,Retail & Shopping
chemical_plant,Home & Garden
carpet_cleaning,Professional Services
cajun_and_creole_restaurant,Food & Dining
road_structures_and_services,Automotive
urban_farm,Other
sport_equipment_rentals,Entertainment & Recreation
paintball,Other
food_stand,Food & Dining
telecommunications,Other
oil_and_gas_exploration_and_development,Industrial & Manufacturing
canal,Other
canyon,Natural Features & Outdoor
apartments,Accommodation
community_center,Community & Social Services
asian_grocery_store,Retail & Shopping
online_shop,Retail & Shopping
talent_agency,Government & Public Services
duty_free_shop,Retail & Shopping
texmex_restaurant,Food & Dining
diner,Food & Dining
farming_services,Automotive
travel_company,Other
mystic,Other
performing_arts,Other
book_magazine_distribution,Professional Services
diy_foods_restaurant,Food & Dining
roofing,Professional Services
firewood,Government & Public Services
vascular_medicine,Healthcare & Medical
professional_sports_league,Entertainment & Recreation
golf_instructor,Entertainment & Recreation
jazz_and_blues,Other
corporate_gift_supplier,Industrial & Manufacturing
political_party_office,Government & Public Services
food_consultant,Food & Dining
fastener_supplier,Industrial & Manufacturing
forklift_dealer,Automotive
antenna_service,Automotive
forest,Natural Features & Outdoor
tattoo_removal,Beauty & Personal Care
lake,Natural Features & Outdoor
police_department,Government & Public Services
b2b_textiles,Other
circus,Entertainment & Recreation
food_and_beverage_exporter,Food & Dining
closet_remodeling,Home & Garden
sports_museum,Entertainment & Recreation
aquarium,Entertainment & Recreation
party_equipment_rental,Entertainment & Recreation
agricultural_production,Religious & Spiritual
gastropub,Food & Dining
kickboxing_club,Entertainment & Recreation
construction_services,Professional Services
metals,Other
barber,Food & Dining
printing_services,Automotive
car_inspection,Automotive
music_festivals_and_organizations,Entertainment & Recreation
media_restoration_service,Automotive
womens_clothing_store,Retail & Shopping
b2b_furniture_and_housewares,Home & Garden
school_sports_team,Food & Dining
hotel_supply_service,Automotive
rest_areas,Other
laser_cutting_service_provider,Automotive
tutoring_center,Education & Learning
paint_store,Retail & Shopping
car_buyer,Automotive
art_school,Education & Learning
occupational_medicine,Healthcare & Medical
elevator_service,Automotive
orthodontist,Healthcare & Medical
translation_services,Professional Services
framing_store,Retail & Shopping
installment_loans,Professional Services
topic_concert_venue,Entertainment & Recreation
cidery,Food & Dining
swimwear_store,Retail & Shopping
b2b_rubber_and_plastics,Other
business_banking_service,Professional Services
family_counselor,Other
window_treatment_store,Retail & Shopping
puerto_rican_restaurant,Food & Dining
b2b_truck_equipment_parts_and_accessories,Automotive
armenian_restaurant,Food & Dining
sake_bar,Food & Dining
boat_service_and_repair,Automotive
waterfall,Natural Features & Outdoor
topic_publisher,Food & Dining
alternative_medicine,Healthcare & Medical
business_equipment_and_supply,Professional Services
bearing_supplier,Industrial & Manufacturing
catholic_church,Religious & Spiritual
food_beverage_service_distribution,Food & Dining
otologist,Healthcare & Medical
pedicab_service,Automotive
personal_care_service,Automotive
paint_your_own_pottery,Other
breakfast_and_brunch_restaurant,Food & Dining
motorcycle_rentals,Automotive
home_organization,Home & Garden
trade_fair,Entertainment & Recreation
real_estate_photography,Professional Services
exhibition_and_trade_center,Entertainment & Recreation
car_dealer,Automotive
bank_credit_union,Professional Services
gift_shop,Retail & Shopping
safety_equipment,Government & Public Services
writing_service,Automotive
aerial_fitness_center,Entertainment & Recreation
architect,Professional Services
garage_door_service,Automotive
boat_rental_and_training,Entertainment & Recreation
demolition_service,Professional Services
sky_diving,Entertainment & Recreation
musical_band_orchestras_and_symphonies,Entertainment & Recreation
national_security_services,Professional Services
discount_store,Retail & Shopping
beer_bar,Food & Dining
prosthodontist,Healthcare & Medical
aromatherapy,Healthcare & Medical
indo_chinese_restaurant,Food & Dining
truck_rentals,Automotive
vending_machine_supplier,Industrial & Manufacturing
security_services,Professional Services
photography_store_and_services,Retail & Shopping
paddleboarding_center,Community & Social Services
utility_service,Automotive
rehabilitation_center,Healthcare & Medical
home_improvement_store,Retail & Shopping
coal_and_coke,Industrial & Manufacturing
dance_club,Entertainment & Recreation
laundromat,Other
health_market,Healthcare & Medical
donation_center,Community & Social Services
lactation_services,Healthcare & Medical
engineering_services,Professional Services
pediatric_orthopedic_surgery,Healthcare & Medical
mattress_store,Retail & Shopping
reiki,Healthcare & Medical
egyptian_restaurant,Food & Dining
lawyer,Professional Services
belgian_restaurant,Food & Dining
jehovahs_witness_kingdom_hall,Religious & Spiritual
energy_equipment_and_solution,Other
currency_exchange,Community & Social Services
whale_watching_tours,Entertainment & Recreation
health_and_medical,Healthcare & Medical
charity_organization,Community & Social Services
irish_pub,Food & Dining
shared_office_space,Beauty & Personal Care
country_club,Entertainment & Recreation
iron_work,Other
bed_and_breakfast,Other
airport_shuttles,Transportation
backpacking_area,Professional Services
supermarket,Retail & Shopping
importers,Transportation
music_critic,Entertainment & Recreation
reptile_shop,Retail & Shopping
mattress_manufacturing,Industrial & Manufacturing
feng_shui,Natural Features & Outdoor
pediatric_pulmonology,Healthcare & Medical
carpenter,Automotive
gluten_free_restaurant,Food & Dining
spiritual_shop,Retail & Shopping
architecture_schools,Professional Services
pawn_shop,Retail & Shopping
power_plants_and_power_plant_service,Automotive
anesthesiologist,Healthcare & Medical
vietnamese_restaurant,Food & Dining
hair_extensions,Beauty & Personal Care
urologist,Healthcare & Medical
boudoir_photography,Other
granite_supplier,Industrial & Manufacturing
machine_shop,Retail & Shopping
opera_and_ballet,Other
japanese_confectionery_shop,Retail & Shopping
religious_items,Government & Public Services
cheese_shop,Retail & Shopping
cigar_bar,Food & Dining
motorcycle_dealer,Automotive
pulmonologist,Healthcare & Medical
cuban_restaurant,Food & Dining
local_and_state_government_offices,Government & Public Services
mosque,Religious & Spiritual
health_coach,Healthcare & Medical
holiday_decor,Other
endodontist,Healthcare & Medical
home_developer,Home & Garden
game_publisher,Food & Dining
sri_lankan_restaurant,Food & Dining
bulk_billing,Professional Services
hot_springs,Natural Features & Outdoor
beach,Entertainment & Recreation
medical_center,Healthcare & Medical
foster_care_services,Automotive
cement_supplier,Industrial & Manufacturing
water_store,Retail & Shopping
beach_bar,Food & Dining
sports_and_recreation_venue,Entertainment & Recreation
recreation_vehicle_repair,Entertainment & Recreation
internet_marketing_service,Retail & Shopping
chicken_restaurant,Food & Dining
sign_making,Transportation
non_governmental_association,Government & Public Services
mobile_home_dealer,Automotive
general_festivals,Entertainment & Recreation
scrap_metals,Other
mountain_bike_trails,Transportation
halotherapy,Healthcare & Medical
car_wash,Automotive
canoe_and_kayak_hire_service,Automotive
architectural_designer,Professional Services
pediatric_dentist,Healthcare & Medical
organization,Community & Social Services
laundry_services,Automotive
sports_bar,Food & Dining
brake_service_and_repair,Automotive
lumber_store,Retail & Shopping
outdoor_furniture_store,Retail & Shopping
audio_visual_production_and_design,Automotive
yoga_instructor,Entertainment & Recreation
south_african_restaurant,Food & Dining
business_manufacturing_and_supply,Professional Services
luggage_storage,Professional Services
heliports,Transportation
horse_racing_track,Entertainment & Recreation
party_character,Other
vitamins_and_supplements,Other
fitness_trainer,Entertainment & Recreation
womens_health_clinic,Healthcare & Medical
paralegal_services,Professional Services
team_building_activity,Food & Dining
fish_farms_and_hatcheries,Other
wholesale_store,Retail & Shopping
resort,Accommodation
night_market,Retail & Shopping
nicaraguan_restaurant,Food & Dining
environmental_renewable_natural_resource,Home & Garden
street_vendor,Home & Garden
escape_rooms,Natural Features & Outdoor
archery_range,Other
cave,Natural Features & Outdoor
public_bath_houses,Food & Dining
beauty_and_spa,Beauty & Personal Care
fertilizer_store,Retail & Shopping
karate_club,Entertainment & Recreation
african_restaurant,Food & Dining
community_health_center,Healthcare & Medical
ceremonial_clothing,Transportation
optometrist,Healthcare & Medical
excavation_service,Professional Services
parenting_classes,Education & Learning
general_litigation,Other
pediatric_neurology,Healthcare & Medical
pediatric_radiology,Healthcare & Medical
ferry_service,Automotive
livestock_breeder,Other
automation_services,Automotive
henna_artist,Other
bistro,Food & Dining
tanning_bed,Beauty & Personal Care
foot_care,Automotive
sailing_club,Entertainment & Recreation
fitness_exercise_equipment,Entertainment & Recreation
automotive_wheel_polishing_service,Automotive
hawaiian_restaurant,Food & Dining
exhaust_and_muffler_repair,Automotive
logging_equipment_and_supplies,Other
tiling,Professional Services
road_contractor,Professional Services
civil_rights_lawyers,Professional Services
orchard,Other
beer_tours,Entertainment & Recreation
spine_surgeon,Healthcare & Medical
fishing_charter,Entertainment & Recreation
fish_and_chips_restaurant,Food & Dining
fashion_accessories_store,Retail & Shopping
freight_and_cargo_service,Professional Services
meat_wholesaler,Retail & Shopping
car_broker,Automotive
proctologist,Other
logging_contractor,Professional Services
pool_hall,Entertainment & Recreation
windows_installation,Professional Services
gutter_service,Automotive
vacation_rental_agents,Automotive
ice_supplier,Industrial & Manufacturing
ride_sharing,Automotive
restaurant,Food & Dining
hair_salon,Beauty & Personal Care
horseback_riding_service,Automotive
gymnastics_club,Entertainment & Recreation
surf_shop,Retail & Shopping
fidelity_and_surety_bonds,Other
crops_production,Industrial & Manufacturing
homeless_shelter,Home & Garden
art_supply_store,Retail & Shopping
israeli_restaurant,Food & Dining
architectural_tours,Professional Services
army_and_navy_store,Retail & Shopping
dim_sum_restaurant,Food & Dining
gastroenterologist,Healthcare & Medical
water_park,Entertainment & Recreation
hockey_arena,Entertainment & Recreation
genealogists,Other
b2b_hardware,Other
emergency_roadside_service,Automotive
payroll_services,Professional Services
cultural_center,Religious & Spiritual
motel,Accommodation
professional_sports_team,Food & Dining
hepatologist,Other
ayurveda,Healthcare & Medical
industrial_spares_and_products_wholesaler,Retail & Shopping
car_window_tinting,Automotive
academic_bookstore,Retail & Shopping
flower_markets,Retail & Shopping
middle_school,Education & Learning
choir,Other
customs_broker,Government & Public Services
plaza,Other
well_drilling,Industrial & Manufacturing
business_financing,Professional Services
supernatural_reading,Natural Features & Outdoor
carpet_store,Retail & Shopping
solar_installation,Industrial & Manufacturing
shaved_ice_shop,Retail & Shopping
polynesian_restaurant,Food & Dining
scale_supplier,Industrial & Manufacturing
doula,Healthcare & Medical
scuba_diving_center,Entertainment & Recreation
department_of_motor_vehicles,Automotive
restaurant_equipment_and_supply,Food & Dining
glass_and_mirror_sales_service,Automotive
lighthouse,Home & Garden
volleyball_court,Entertainment & Recreation
data_recovery,Natural Features & Outdoor
freight_forwarding_agency,Professional Services
workers_compensation_law,Professional Services
inventory_control_service,Automotive
animal_shelter,Accommodation
eyewear_and_optician,Retail & Shopping
ev_charging_station,Transportation
boat_parts_and_supply_store,Retail & Shopping
footwear_wholesaler,Retail & Shopping
radiologist,Healthcare & Medical
pet_adoption,Other
contemporary_art_museum,Entertainment & Recreation
real_estate_agent,Professional Services
adult_entertainment,Entertainment & Recreation
audio_visual_equipment_store,Retail & Shopping
public_utility_company,Food & Dining
pediatric_gastroenterology,Healthcare & Medical
translating_and_interpreting_services,Automotive
tire_dealer_and_repair,Automotive
pipe_supplier,Industrial & Manufacturing
syrian_restaurant,Food & Dining
family_practice,Healthcare & Medical
towing_service,Automotive
outlet_store,Retail & Shopping
debt_relief_services,Professional Services
wine_tasting_room,Other
czech_restaurant,Food & Dining
jewelry_repair_service,Automotive
tennis_stadium,Entertainment & Recreation
farmers_market,Retail & Shopping
private_jet_charters,Transportation
eat_and_drink,Other
auction_house,Home & Garden
fertility,Healthcare & Medical
mobility_equipment_services,Automotive
b2b_medical_support_services,Healthcare & Medical
active_life,Other
float_spa,Healthcare & Medical
art_gallery,Entertainment & Recreation
accountant,Professional Services
water_supplier,Industrial & Manufacturing
ranch,Accommodation
aircraft_manufacturer,Automotive
drive_thru_bar,Food & Dining
school_sports_league,Entertainment & Recreation
distillery,Food & Dining
table_tennis_club,Entertainment & Recreation
misting_system_services,Automotive
school,Education & Learning
cafe,Food & Dining
bus_station,Transportation
oncologist,Healthcare & Medical
observatory,Education & Learning
adult_education,Entertainment & Recreation
festival,Entertainment & Recreation
entertainment_law,Professional Services
financial_advising,Professional Services
car_rental_agency,Automotive
hearing_aids,Government & Public Services
physician_assistant,Healthcare & Medical
public_health_clinic,Food & Dining
inspection_services,Automotive
nudist_clubs,Entertainment & Recreation
lighting_fixture_manufacturers,Industrial & Manufacturing
geneticist,Other
custom_t_shirt_store,Retail & Shopping
scooter_rental,Automotive
basque_restaurant,Food & Dining
eyebrow_service,Automotive
film_festivals_and_organizations,Entertainment & Recreation
bags_luggage_company,Other
photographer,Other
flight_school,Education & Learning
truck_dealer,Automotive
fountain,Other
hair_supply_stores,Retail & Shopping
retina_specialist,Other
glass_manufacturer,Automotive
cricket_ground,Other
challenge_courses_center,Education & Learning
denim_wear_store,Retail & Shopping
bike_repair_maintenance,Automotive
uniform_store,Retail & Shopping
medical_supply,Healthcare & Medical
musical_instrument_store,Retail & Shopping
southern_restaurant,Food & Dining
mountain,Natural Features & Outdoor
oil_and_gas_field_equipment_and_services,Automotive
amateur_sports_league,Entertainment & Recreation
junk_removal_and_hauling,Professional Services
dui_law,Professional Services
kiteboarding,Community & Social Services
internal_medicine,Healthcare & Medical
credit_and_debt_counseling,Healthcare & Medical
psychologist,Healthcare & Medical
mobile_home_repair,Automotive
computer_museum,Entertainment & Recreation
trucks_and_industrial_vehicles,Automotive
package_locker,Transportation
hair_removal,Beauty & Personal Care
planetarium,Education & Learning
surfboard_rental,Automotive
pop_up_restaurant,Food & Dining
public_and_government_association,Food & Dining
amusement_park,Entertainment & Recreation
cottage,Accommodation
publicity_service,Food & Dining
agriculture,Religious & Spiritual
automotive_services_and_repair,Automotive
bike_sharing,Automotive
gun_and_ammo,Other
soul_food,Food & Dining
aluminum_supplier,Industrial & Manufacturing
speech_training,Education & Learning
traditional_clothing,Transportation
restaurant_wholesale,Food & Dining
food_tours,Food & Dining
traditional_chinese_medicine,Healthcare & Medical
uruguayan_restaurant,Food & Dining
kiteboarding_instruction,Community & Social Services
truck_repair,Automotive
sewing_and_alterations,Other
ceiling_service,Professional Services
dive_shop,Retail & Shopping
clock_repair_service,Automotive
farm_insurance,Professional Services
orchards_production,Industrial & Manufacturing
nursing_school,Education & Learning
public_restrooms,Food & Dining
live_and_raw_food_restaurant,Food & Dining
music_and_dvd_store,Retail & Shopping
nature_reserve,Automotive
skin_care,Automotive
stone_and_masonry,Home & Garden
halfway_house,Home & Garden
sandblasting_service,Automotive
b2b_autos_and_vehicles,Automotive
scottish_restaurant,Food & Dining
arts_and_crafts,Other
arts_and_entertainment,Entertainment & Recreation
cleaning_products_supplier,Professional Services
low_income_housing,Accommodation
cabinet_sales_service,Automotive
luggage_store,Retail & Shopping
national_park,Entertainment & Recreation
hair_loss_center,Beauty & Personal Care
stone_supplier,Industrial & Manufacturing
health_retreats,Healthcare & Medical
atms,Other
commercial_real_estate,Professional Services
real_estate_investment,Professional Services
cleaning_services,Professional Services
awning_supplier,Industrial & Manufacturing
mexican_grocery_store,Retail & Shopping
crisis_intervention_services,Automotive
airport_lounge,Food & Dining
embroidery_and_crochet,Other
fire_and_water_damage_restoration,Automotive
auto_security,Professional Services
filipino_restaurant,Food & Dining
betting_center,Entertainment & Recreation
tennis_court,Entertainment & Recreation
beverage_supplier,Industrial & Manufacturing
batting_cage,Other
government_services,Automotive
business_consulting,Professional Services
saw_mill,Industrial & Manufacturing
fraternal_organization,Community & Social Services
valet_service,Automotive
esthetician,Other
taco_restaurant,Food & Dining
insurance_agency,Professional Services
gym,Entertainment & Recreation
media_news_company,Other
occupational_therapy,Healthcare & Medical
motorcycle_gear,Retail & Shopping
olive_oil,Other
optical_wholesaler,Retail & Shopping
dietitian,Other
videographer,Other
speech_therapist,Healthcare & Medical
skate_shop,Retail & Shopping
molecular_gastronomy_restaurant,Food & Dining
web_designer,Transportation
advertising_agency,Professional Services
toy_store,Retail & Shopping
quay,Other
veterinarian,Healthcare & Medical
lebanese_restaurant,Food & Dining
pressure_washing,Automotive
juvenile_detention_center,Government & Public Services
plasterer,Other
canadian_restaurant,Food & Dining
balloon_ports,Transportation
wholesale_grocer,Retail & Shopping
sleep_specialist,Other
bookmakers,Other
tobacco_shop,Retail & Shopping
salvadoran_restaurant,Food & Dining
grain_elevators,Other
volunteer_association,Community & Social Services
employment_agencies,Other
allergist,Healthcare & Medical
counseling_and_mental_health,Healthcare & Medical
day_spa,Beauty & Personal Care
beauty_product_supplier,Beauty & Personal Care
train_station,Transportation
business_to_business,Professional Services
psychic,Other
fishmonger,Other
b2b_science_and_technology,Other
vegan_restaurant,Food & Dining
artificial_turf,Other
community_museum,Entertainment & Recreation
commissioned_artist,Religious & Spiritual
jet_skis_rental,Automotive
personal_shopper,Retail & Shopping
climbing_class,Entertainment & Recreation
liquor_store,Retail & Shopping
bookkeeper,Other
diy_auto_shop,Retail & Shopping
houseboat,Automotive
stadium_arena,Entertainment & Recreation
boat_builder,Automotive
countertop_installation,Industrial & Manufacturing
jewelry_store,Retail & Shopping
wedding_planning,Religious & Spiritual
musician,Entertainment & Recreation
immigration_assistance_services,Automotive
shoe_store,Retail & Shopping
graphic_designer,Transportation
international_grocery_store,Retail & Shopping
educational_camp,Education & Learning
forestry_service,Automotive
kosher_restaurant,Food & Dining
trinidadian_restaurant,Food & Dining
pretzels,Other
party_bus_rental,Automotive
abrasives_supplier,Industrial & Manufacturing
chiropractor,Healthcare & Medical
homeowner_association,Home & Garden
hot_dog_restaurant,Food & Dining
bocce_ball_court,Government & Public Services
paving_contractor,Professional Services
gold_buyer,Other
appliance_manufacturer,Industrial & Manufacturing
jamaican_restaurant,Food & Dining
blow_dry_blow_out_service,Automotive
manufacturers_agents_and_representatives,Industrial & Manufacturing
inn,Accommodation
motor_freight_trucking,Professional Services
b2b_farms,Other
donuts,Food & Dining
piano_store,Retail & Shopping
video_film_production,Industrial & Manufacturing
football_club,Entertainment & Recreation
hobby_shop,Retail & Shopping
poultry_farm,Other
car_stereo_installation,Retail & Shopping
town_hall,Government & Public Services
energy_company,Other
promotional_products_and_services,Automotive
street_art,Home & Garden
mobile_home_park,Entertainment & Recreation
tattoo_and_piercing,Beauty & Personal Care
historical_tours,Entertainment & Recreation
sikh_temple,Religious & Spiritual
wine_tours,Entertainment & Recreation
recording_and_rehearsal_studio,Accommodation
kitchen_and_bath,Home & Garden
criminal_defense_law,Professional Services
piercing,Beauty & Personal Care
stock_and_bond_brokers,Industrial & Manufacturing
endocrinologist,Healthcare & Medical
natural_gas_supplier,Natural Features & Outdoor
herbal_shop,Retail & Shopping
human_resource_services,Professional Services
dental_supply_store,Healthcare & Medical
farm_equipment_repair_service,Automotive
pie_shop,Retail & Shopping
display_home_center,Home & Garden
auto_detailing,Automotive
pathologist,Healthcare & Medical
rodeo,Entertainment & Recreation
frozen_yoghurt_shop,Food & Dining
used_vintage_and_consignment,Automotive
pediatrician,Healthcare & Medical
quarries,Other
hearing_aid_provider,Government & Public Services
car_auction,Automotive
design_museum,Entertainment & Recreation
animal_rescue_service,Automotive
pilates_studio,Entertainment & Recreation
health_department,Healthcare & Medical
newspaper_and_magazines_store,Retail & Shopping
mexican_restaurant,Food & Dining
venue_and_event_space,Beauty & Personal Care
skylight_installation,Industrial & Manufacturing
bridal_shop,Retail & Shopping
golf_club,Entertainment & Recreation
tower_communication_service,Automotive
gents_tailor,Other
corporate_office,Government & Public Services
armed_forces_branch,Accommodation
rv_storage_facility,Professional Services
railway_service,Automotive
poutinerie_restaurant,Food & Dining
asian_restaurant,Food & Dining
honey_farm_shop,Retail & Shopping
smokehouse,Home & Garden
boat_dealer,Automotive
mobile_phone_store,Retail & Shopping
oral_surgeon,Healthcare & Medical
atv_recreation_park,Entertainment & Recreation
b2b_dairies,Other
massage,Beauty & Personal Care
health_food_restaurant,Food & Dining
masonry_contractors,Professional Services
paddleboard_rental,Automotive
lawn_service,Professional Services
archaeological_services,Automotive
leather_products_manufacturer,Industrial & Manufacturing
it_service_and_computer_repair,Automotive
boutique,Retail & Shopping
rheumatologist,Healthcare & Medical
industrial_company,Government & Public Services
golf_equipment,Retail & Shopping
firework_retailer,Retail & Shopping
tea_wholesaler,Food & Dining
surgeon,Healthcare & Medical
courier_and_delivery_services,Professional Services
business_law,Professional Services
palace,Other
tableware_supplier,Industrial & Manufacturing
business_advertising,Professional Services
bowling_alley,Entertainment & Recreation
guitar_store,Retail & Shopping
ultrasound_imaging_center,Healthcare & Medical
truck_dealer_for_businesses,Professional Services
specialty_grocery_store,Retail & Shopping
sports_school,Entertainment & Recreation
mills,Industrial & Manufacturing
pakistani_restaurant,Food & Dining
wine_bar,Food & Dining
theme_restaurant,Food & Dining
educational_research_institute,Education & Learning
cemeteries,Other
polish_restaurant,Food & Dining
dairy_farm,Other
tax_law,Professional Services
indian_grocery_store,Retail & Shopping
flowers_and_gifts_shop,Retail & Shopping
prosthetics,Other
telemarketing_services,Retail & Shopping
knitting_supply,Automotive
korean_grocery_store,Retail & Shopping
meat_restaurant,Food & Dining
theatre,Other
tui_na,Other
bartending_school,Food & Dining
agricultural_service,Automotive
textile_mill,Industrial & Manufacturing
maternity_wear,Healthcare & Medical
colombian_restaurant,Food & Dining
brewing_supply_store,Retail & Shopping
organ_and_tissue_donor_service,Automotive
automotive_repair,Automotive
media_agency,Government & Public Services
cosmetic_surgeon,Healthcare & Medical
diving_center,Entertainment & Recreation
patent_law,Professional Services
sand_dune,Other
bike_rentals,Automotive
lighting_store,Retail & Shopping
abuse_and_addiction_treatment,Healthcare & Medical
certification_agency,Education & Learning
pet_sitting,Other
parking,Entertainment & Recreation
karaoke,Entertainment & Recreation
civil_engineers,Professional Services
indoor_landscaping,Professional Services
shutters,Other
radio_station,Transportation
oil_and_gas,Other
radio_and_television_commercials,Community & Social Services
environmental_abatement_services,Automotive
private_equity_firm,Community & Social Services
passport_and_visa_services,Automotive
trophy_shop,Retail & Shopping
herb_and_spice_shop,Retail & Shopping
holding_companies,Other
geriatric_medicine,Healthcare & Medical
logging_services,Automotive
brazilian_restaurant,Food & Dining
astrologer,Other
hot_air_balloons_tour,Entertainment & Recreation
abortion_clinic,Healthcare & Medical
asian_art_museum,Entertainment & Recreation
orthopedist,Healthcare & Medical
toll_stations,Transportation
disability_services_and_support_organization,Automotive
gymnastics_center,Entertainment & Recreation
industrial_equipment,Government & Public Services
flooring_store,Retail & Shopping
sex_therapist,Other
medical_sciences_schools,Healthcare & Medical
interlock_system,Other
comic_books_store,Retail & Shopping
medical_research_and_development,Healthcare & Medical
corporate_entertainment_services,Entertainment & Recreation
tools_wholesaler,Retail & Shopping
major_airports,Transportation
ambulance_and_ems_services,Automotive
telecommunications_company,Other
home_automation,Automotive
photo_booth_rental,Automotive
racquetball_court,Government & Public Services
chilean_restaurant,Food & Dining
tubing_provider,Other
cheerleading,Other
box_lunch_supplier,Industrial & Manufacturing
doctor,Healthcare & Medical
web_hosting_service,Automotive
qi_gong_studio,Accommodation
hungarian_restaurant,Food & Dining
russian_grocery_store,Retail & Shopping
animal_assisted_therapy,Healthcare & Medical
comfort_food_restaurant,Food & Dining
self_defense_classes,Education & Learning
austrian_restaurant,Food & Dining
urgent_care_clinic,Healthcare & Medical
court_reporter,Professional Services
agriculture_association,Religious & Spiritual
pet_services,Automotive
rafting_kayaking_area,Other
leather_goods,Retail & Shopping
vinyl_record_store,Retail & Shopping
hybrid_car_repair,Automotive
banks,Professional Services
horse_trainer,Transportation
geological_services,Automotive
tv_mounting,Other
weather_forecast_services,Automotive
gliderports,Transportation
day_care_preschool,Education & Learning
ophthalmologist,Healthcare & Medical
private_school,Education & Learning
acoustical_consultant,Other
hiking_trail,Entertainment & Recreation
phlebologist,Other
parasailing_ride_service,Entertainment & Recreation
gay_bar,Food & Dining
life_coach,Transportation
comedy_club,Entertainment & Recreation
state_museum,Entertainment & Recreation
self_catering_accommodation,Other
personal_injury_law,Professional Services
auto_parts_and_supply_store,Retail & Shopping
montessori_school,Education & Learning
water_softening_equipment_supplier,Industrial & Manufacturing
neuropathologist,Healthcare & Medical
kurdish_restaurant,Food & Dining
toxicologist,Other
serbo_croatian_restaurant,Food & Dining
food_truck,Food & Dining
central_government_office,Government & Public Services
medical_spa,Healthcare & Medical
pet_breeder,Other
furniture_repair,Automotive
tapas_bar,Food & Dining
first_aid_class,Education & Learning
pan_asian_restaurant,Food & Dining
diamond_dealer,Automotive
wrap_restaurant,Food & Dining
weight_loss_center,Beauty & Personal Care
vocational_and_technical_school,Education & Learning
sperm_clinic,Healthcare & Medical
travel_services,Automotive
video_and_video_game_rentals,Entertainment & Recreation
shipping_collection_services,Professional Services
bangladeshi_restaurant,Food & Dining
lounge,Food & Dining
memorial_park,Entertainment & Recreation
cambodian_restaurant,Food & Dining
mortuary_services,Automotive
pipeline_transportation,Transportation
automotive,Automotive
private_investigation,Professional Services
fmcg_wholesaler,Retail & Shopping
sports_medicine,Healthcare & Medical
print_media,Other
guest_house,Home & Garden
tower,Natural Features & Outdoor
swiss_restaurant,Food & Dining
pizza_delivery_service,Food & Dining
strip_club,Entertainment & Recreation
paint_and_sip,Other
hydroponic_gardening,Home & Garden
railway_ticket_agent,Transportation
nail_salon,Beauty & Personal Care
cocktail_bar,Food & Dining
educational_services,Education & Learning
tattoo,Beauty & Personal Care
home_network_installation,Home & Garden
haitian_restaurant,Food & Dining
turkish_restaurant,Food & Dining
soup_restaurant,Food & Dining
event_planning,Other
swimming_pool,Entertainment & Recreation
dj_service,Automotive
spanish_restaurant,Food & Dining
temp_agency,Professional Services
career_counseling,Healthcare & Medical
b2b_jewelers,Other
drive_in_theater,Entertainment & Recreation
arabian_restaurant,Food & Dining
dentist,Healthcare & Medical
chimney_service,Automotive
empanadas,Other
party_and_event_planning,Other
public_relations,Food & Dining
auto_loan_provider,Professional Services
dominican_restaurant,Food & Dining
tai_chi_studio,Accommodation
popcorn_shop,Retail & Shopping
wind_energy,Industrial & Manufacturing
laboratory,Healthcare & Medical
music_production_services,Entertainment & Recreation
adoption_services,Automotive
laser_tag,Beauty & Personal Care
estate_liquidation,Government & Public Services
sauna,Beauty & Personal Care
pen_store,Retail & Shopping
trailer_rentals,Automotive
pool_and_billiards,Entertainment & Recreation
geriatric_psychiatry,Healthcare & Medical
direct_mail_advertising,Professional Services
business,Professional Services
water_treatment_equipment_and_services,Automotive
aircraft_repair,Automotive
atv_rentals_and_tours,Entertainment & Recreation
handicraft_shop,Retail & Shopping
piano_bar,Food & Dining
handyman,Other
it_consultant,Other
chinese_martial_arts_club,Entertainment & Recreation
art_space_rental,Automotive
designer_clothing,Transportation
used_car_dealer,Automotive
sports_and_fitness_instruction,Entertainment & Recreation
whiskey_bar,Food & Dining
solar_panel_cleaning,Professional Services
plastic_fabrication_company,Industrial & Manufacturing
cooking_classes,Education & Learning
b2b_agriculture_and_food,Food & Dining
ski_area,Other
money_transfer_services,Automotive
home_service,Automotive
surgical_appliances_and_supplies,Other
health_insurance_office,Healthcare & Medical
aerial_tours,Entertainment & Recreation
bookstore,Retail & Shopping
structural_engineer,Professional Services
business_schools,Professional Services
movers,Other
home_and_garden,Home & Garden
iron_and_steel_industry,Other
osteopathic_physician,Healthcare & Medical
coffee_roastery,Food & Dining
engineering_schools,Professional Services
retirement_home,Automotive
preschool,Education & Learning
perfume_store,Retail & Shopping
hypnosis_hypnotherapy,Healthcare & Medical
face_painting,Professional Services
limo_services,Automotive
furniture_assembly,Industrial & Manufacturing
photography_museum,Entertainment & Recreation
sheet_metal,Other
federal_government_offices,Government & Public Services
plastic_injection_molding_workshop,Retail & Shopping
automotive_dealer,Automotive
food_banks,Food & Dining
evangelical_church,Religious & Spiritual
fast_food_restaurant,Food & Dining
internet_service_provider,Automotive
digitizing_services,Automotive
drinking_water_dispenser,Other
woodworking_supply_store,Retail & Shopping
water_heater_installation_repair,Automotive
pediatric_oncology,Healthcare & Medical
fitness_equipment_wholesaler,Retail & Shopping
furniture_wholesalers,Retail & Shopping
agricultural_seed_store,Retail & Shopping
home_energy_auditor,Home & Garden
restaurant_management,Food & Dining
craft_shop,Retail & Shopping
computer_hardware_company,Other
japanese_grocery_store,Retail & Shopping
dance_wear,Entertainment & Recreation
prenatal_perinatal_care,Healthcare & Medical
esports_team,Food & Dining
motorsport_vehicle_repair,Automotive
dental_hygienist,Healthcare & Medical
senior_citizen_services,Automotive
noodles_restaurant,Food & Dining
patio_covers,Home & Garden
paraguayan_restaurant,Food & Dining
session_photography,Other
real_estate_service,Professional Services
welders,Religious & Spiritual
house_sitting,Home & Garden
flour_mill,Industrial & Manufacturing
broadcasting_media_production,Transportation
mailbox_center,Transportation
art_restoration_service,Automotive
national_museum,Entertainment & Recreation
distribution_services,Professional Services
rock_climbing_instructor,Entertainment & Recreation
theatrical_productions,Industrial & Manufacturing
gerontologist,Other
product_design,Transportation
library,Education & Learning
korean_restaurant,Food & Dining
appliance_store,Retail & Shopping
holiday_rental_home,Automotive
rugby_stadium,Entertainment & Recreation
iberian_restaurant,Food & Dining
yoga_studio,Entertainment & Recreation
wood_and_pulp,Other
dui_school,Education & Learning
props,Other
pet_cemetery_and_crematorium_services,Automotive
beverage_store,Retail & Shopping
poultry_farming,Other
religious_school,Education & Learning
food_delivery_service,Food & Dining
steel_fabricators,Other
electronics_repair_shop,Retail & Shopping
buddhist_temple,Religious & Spiritual
casting_molding_and_machining,Industrial & Manufacturing
osteopath,Natural Features & Outdoor
chinese_restaurant,Food & Dining
bakery,Food & Dining
bottled_water_company,Other
bathroom_fixture_stores,Retail & Shopping
transportation,Transportation
law_enforcement,Professional Services
wellness_program,Healthcare & Medical
taiwanese_restaurant,Food & Dining
business_records_storage_and_management,Professional Services
home_staging,Home & Garden
state_park,Entertainment & Recreation
environmental_and_ecological_services_for_businesses,Professional Services
waterproofing,Professional Services
airline,Transportation
candle_store,Retail & Shopping
process_servers,Professional Services
domestic_business_and_trade_organizations,Professional Services
vehicle_wrap,Automotive
wildlife_control,Other
brazilian_jiu_jitsu_club,Entertainment & Recreation
mobile_phone_repair,Automotive
squash_court,Government & Public Services
playground_equipment_supplier,Entertainment & Recreation
metal_supplier,Industrial & Manufacturing
acupuncture,Healthcare & Medical
siding,Professional Services
butcher_shop,Retail & Shopping
bridge,Transportation
latin_american_restaurant,Food & Dining
architecture,Professional Services
lottery_ticket,Transportation
recreational_vehicle_parts_and_accessories,Entertainment & Recreation
agricultural_engineering_service,Professional Services
dive_bar,Food & Dining
pharmacy_schools,Healthcare & Medical
handball_court,Government & Public Services
cremation_services,Automotive
soccer_club,Entertainment & Recreation
cryotherapy,Healthcare & Medical
tire_shop,Retail & Shopping
real_estate_law,Professional Services
panamanian_restaurant,Food & Dining
self_storage_facility,Professional Services
hospice,Healthcare & Medical
dog_trainer,Transportation
crane_services,Automotive
billing_services,Professional Services
rental_services,Automotive
ferry_boat_company,Automotive
watch_store,Retail & Shopping
duplication_services,Automotive
costa_rican_restaurant,Food & Dining
skate_park,Entertainment & Recreation
fencing_club,Entertainment & Recreation
charter_school,Education & Learning
aviation_museum,Entertainment & Recreation
computer_store,Retail & Shopping
packing_supply,Professional Services
outdoor_movies,Entertainment & Recreation
horse_boarding,Community & Social Services
refinishing_services,Automotive
tenant_and_eviction_law,Professional Services
officiating_services,Automotive
attractions_and_activities,Other
farming_equipment_store,Retail & Shopping
park_and_rides,Entertainment & Recreation
energy_management_and_conservation_consultants,Professional Services
cannabis_dispensary,Other
hematology,Other
hospitalist,Healthcare & Medical
after_school_program,Education & Learning
indoor_playcenter,Community & Social Services
nurse_practitioner,Other
courthouse,Home & Garden
structure_and_geography,Other
knife_sharpening,Other
b2b_tires,Automotive
plastic_surgeon,Healthcare & Medical
rock_climbing_spot,Entertainment & Recreation
nigerian_restaurant,Food & Dining
mountain_bike_parks,Entertainment & Recreation
electrician,Other
vegetarian_restaurant,Food & Dining
clinical_laboratories,Healthcare & Medical
seafood_wholesaler,Food & Dining
aquarium_services,Entertainment & Recreation
tanning_salon,Beauty & Personal Care
baby_gear_and_furniture,Other
fruits_and_vegetables,Other
fingerprinting_service,Automotive
do_it_yourself_store,Retail & Shopping
washer_and_dryer_repair_service,Automotive
taxi_service,Professional Services
waxing,Beauty & Personal Care
pets,Other
golf_cart_rental,Entertainment & Recreation
chimney_sweep,Other
dry_cleaning,Professional Services
recreational_vehicle_dealer,Entertainment & Recreation
party_supply,Automotive
ski_resort,Accommodation
soccer_stadium,Entertainment & Recreation
audiologist,Automotive
italian_restaurant,Food & Dining
vehicle_shipping,Professional Services
collection_agencies,Other
watch_repair_service,Automotive
sledding_rental,Automotive
event_photography,Other
sporting_goods,Retail & Shopping
automotive_consultant,Automotive
international_business_and_trade_services,Professional Services
patisserie_cake_shop,Food & Dining
consultant_and_general_service,Automotive
uzbek_restaurant,Food & Dining
amateur_sports_team,Food & Dining
pool_billiards,Entertainment & Recreation
b2b_farming,Other
trivia_host,Other
equestrian_facility,Community & Social Services
health_spa,Healthcare & Medical
pier,Transportation
pet_boarding,Community & Social Services
pension,Other
biotechnology_company,Industrial & Manufacturing
sports_wear,Entertainment & Recreation
environmental_conservation_organization,Automotive
threading_service,Automotive
manufacturing_and_industrial_consultant,Government & Public Services
winery,Food & Dining
windshield_installation_and_repair,Automotive
travel,Other
rv_park,Entertainment & Recreation
driving_range,Other
blood_and_plasma_donation_center,Community & Social Services
chicken_wings_restaurant,Food & Dining
piano_services,Automotive
ecuadorian_restaurant,Food & Dining
research_institute,Education & Learning
cosmetic_products_manufacturer,Retail & Shopping
fire_protection_service,Automotive
metal_plating_service,Automotive
burmese_restaurant,Food & Dining
elementary_school,Education & Learning
electrical_supply_store,Retail & Shopping
irrigation,Professional Services
marriage_or_relationship_counselor,Transportation
australian_restaurant,Food & Dining
marketing_consultant,Retail & Shopping
pediatric_cardiology,Healthcare & Medical
electricity_supplier,Government & Public Services
dog_walkers,Other
international_restaurant,Food & Dining
gas_station,Transportation
walk_in_clinic,Healthcare & Medical
falafel_restaurant,Food & Dining
snorkeling,Other
goldsmith,Other
hot_tubs_and_pools,Beauty & Personal Care
caribbean_restaurant,Food & Dining
farrier_services,Automotive
auto_insurance,Professional Services
nephrologist,Healthcare & Medical
bounce_house_rental,Automotive
livestock_feed_and_supply_store,Retail & Shopping
delicatessen,Food & Dining
screen_printing_t_shirt_printing,Industrial & Manufacturing
kitchen_supply_store,Retail & Shopping
fireplace_service,Automotive
dialysis_clinic,Healthcare & Medical
brewery,Food & Dining
ethiopian_restaurant,Food & Dining
temple,Religious & Spiritual
russian_restaurant,Food & Dining
georgian_restaurant,Food & Dining
flatbread_restaurant,Food & Dining
tree_services,Professional Services
health_food_store,Food & Dining
food_and_beverage_consultant,Food & Dining
hang_gliding_center,Community & Social Services
insulation_installation,Professional Services
media_news_website,Other
alcohol_and_drug_treatment_centers,Community & Social Services
art_restoration,Automotive
meat_shop,Retail & Shopping
water_delivery,Professional Services
flyboarding_center,Community & Social Services
flooring_contractors,Professional Services
test_preparation,Education & Learning
battery_store,Retail & Shopping
sugaring,Other
drone_store,Retail & Shopping
christmas_trees,Home & Garden
education,Education & Learning
sculpture_statue,Other
souvenir_shop,Retail & Shopping
immunodermatologist,Healthcare & Medical
park,Entertainment & Recreation
waldorf_school,Education & Learning
pet_training,Education & Learning
buffet_restaurant,Food & Dining
ip_and_internet_law,Professional Services
indian_restaurant,Food & Dining
food,Food & Dining
snow_removal_service,Professional Services
doner_kebab,Other
emergency_room,Healthcare & Medical
hindu_temple,Religious & Spiritual
adventure_sports_center,Entertainment & Recreation
background_check_services,Automotive
waffle_restaurant,Food & Dining
shopping_center,Retail & Shopping
auto_electrical_repair,Professional Services
family_service_center,Automotive
landscaping,Professional Services
bankruptcy_law,Professional Services
behavior_analyst,Other
tiki_bar,Food & Dining
party_bike_rental,Automotive
t_shirt_store,Retail & Shopping
television_station,Transportation
child_protection_service,Automotive
decorative_arts_museum,Entertainment & Recreation
surgical_center,Healthcare & Medical
outdoor_advertising,Professional Services
golf_course,Entertainment & Recreation
scooter_dealers,Automotive
music_production,Entertainment & Recreation
monument,Natural Features & Outdoor
japanese_restaurant,Food & Dining
video_game_store,Retail & Shopping
pediatric_nephrology,Healthcare & Medical
emergency_pet_hospital,Healthcare & Medical
transcription_services,Automotive
magician,Other
country_house,Home & Garden
cannabis_clinic,Healthcare & Medical
labor_union,Community & Social Services
home_window_tinting,Automotive
trampoline_park,Entertainment & Recreation
irrigation_companies,Professional Services
theaters_and_performance_venues,Entertainment & Recreation
bathtub_and_sink_repairs,Automotive
sand_and_gravel_supplier,Industrial & Manufacturing
medical_transportation,Healthcare & Medical
art_tours,Entertainment & Recreation
high_school,Education & Learning
airlines,Transportation
petting_zoo,Entertainment & Recreation
b2b_machinery_and_tools,Other
concierge_medicine,Healthcare & Medical
property_management,Professional Services
farm,Other
electric_utility_provider,Industrial & Manufacturing
cable_car_service,Automotive
medical_law,Healthcare & Medical
spray_tanning,Beauty & Personal Care
skilled_nursing,Healthcare & Medical
hydrotherapy,Healthcare & Medical
neurologist,Healthcare & Medical
cabin,Transportation
truck_gas_station,Automotive
personal_assistant,Other
laotian_restaurant,Food & Dining
cinema,Entertainment & Recreation
typing_services,Automotive
baptist_church,Religious & Spiritual
hair_stylist,Beauty & Personal Care
pool_and_hot_tub_services,Automotive
beer_garden,Home & Garden
wildlife_hunting_range,Entertainment & Recreation
hvac_supplier,Professional Services
event_technology_service,Automotive
school_district_offices,Education & Learning
custom_cakes_shop,Retail & Shopping
spas,Beauty & Personal Care
mediterranean_restaurant,Food & Dining
damage_restoration,Automotive
investing,Other
seafood_market,Food & Dining
massage_therapy,Healthcare & Medical
auto_manufacturers_and_distributors,Automotive
cabaret,Food & Dining
mens_clothing_store,Retail & Shopping
pharmaceutical_companies,Industrial & Manufacturing
environmental_testing,Home & Garden
alcohol_and_drug_treatment_center,Community & Social Services
basketball_stadium,Entertainment & Recreation
thread_supplier,Industrial & Manufacturing
motorcycle_repair,Automotive
pub,Food & Dining
roller_skating_rink,Entertainment & Recreation
paper_mill,Industrial & Manufacturing
bar_crawl,Food & Dining
auto_body_shop,Retail & Shopping
movie_television_studio,Entertainment & Recreation
assisted_living_facility,Healthcare & Medical
audiovisual_equipment_rental,Entertainment & Recreation
car_sharing,Automotive
horse_equipment_shop,Retail & Shopping
massage_school,Education & Learning
beer_wine_and_spirits,Other
holiday_decorating,Other
hydro_jetting,Other
airline_ticket_agency,Transportation
wine_wholesaler,Retail & Shopping
matchmaker,Other
housing_cooperative,Accommodation
smoothie_juice_bar,Food & Dining
cardiovascular_and_thoracic_surgeon,Healthcare & Medical
pharmaceutical_products_wholesaler,Retail & Shopping
psychoanalyst,Other
storage_facility,Professional Services
pizza_restaurant,Food & Dining
altering_and_remodeling_contractor,Professional Services
fabric_store,Retail & Shopping
sightseeing_tour_agency,Entertainment & Recreation
hostel,Accommodation
costume_museum,Entertainment & Recreation
bank_equipment_service,Professional Services
lookout,Natural Features & Outdoor
burger_restaurant,Food & Dining
scuba_diving_instruction,Entertainment & Recreation
walking_tours,Entertainment & Recreation
importer_and_exporter,Transportation
wallpaper_installers,Other
endoscopist,Other
hotel,Accommodation
b2b_cleaning_and_waste_management,Professional Services
orthotics,Other
chocolatier,Other
apiaries_and_beekeepers,Other
financial_service,Professional Services
wholesale_florist,Retail & Shopping
dance_school,Entertainment & Recreation
interior_design,Transportation
image_consultant,Other
aircraft_dealer,Automotive
axe_throwing,Other
medical_service_organizations,Healthcare & Medical
home_decor,Home & Garden
diagnostic_imaging,Healthcare & Medical
health_consultant,Healthcare & Medical
indonesian_restaurant,Food & Dining
nanny_services,Automotive
bookbinding,Other
chambers_of_commerce,Other
avionics_shop,Retail & Shopping
ice_cream_shop,Food & Dining
persian_iranian_restaurant,Food & Dining
pool_cleaning,Professional Services
science_museum,Entertainment & Recreation
animation_studio,Accommodation
rowing_club,Entertainment & Recreation
travel_agents,Industrial & Manufacturing
macarons,Automotive
placenta_encapsulation_service,Automotive
office_cleaning,Professional Services
health_and_wellness_club,Healthcare & Medical
grout_service,Automotive
generator_installation_repair,Automotive
light_rail_and_subway_stations,Transportation
fondue_restaurant,Food & Dining
beach_equipment_rentals,Entertainment & Recreation
electronics,Other
security_systems,Professional Services
organic_grocery_store,Retail & Shopping
badminton_court,Government & Public Services
body_contouring,Entertainment & Recreation
psychotherapist,Other
basketball_court,Entertainment & Recreation
childrens_museum,Entertainment & Recreation
pet_hospice,Healthcare & Medical
service_apartments,Automotive
tasting_classes,Education & Learning
candy_store,Retail & Shopping
legal_services,Professional Services
antique_store,Retail & Shopping
recycling_center,Professional Services
shipping_center,Professional Services
educational_supply_store,Retail & Shopping
german_restaurant,Food & Dining
weather_station,Transportation
employment_law,Professional Services
bagel_restaurant,Food & Dining
rv_rentals,Automotive
condominium,Accommodation
engraving,Other
fence_and_gate_sales_service,Automotive
motorsports_store,Retail & Shopping
custom_clothing,Transportation
social_media_agency,Government & Public Services
superstore,Retail & Shopping
gelato,Food & Dining
food_safety_training,Food & Dining
public_service_and_government,Food & Dining
bus_service,Automotive
pop_up_shop,Retail & Shopping
miniature_golf_course,Entertainment & Recreation
linen,Other
religious_destination,Religious & Spiritual
dumpster_rentals,Automotive
fort,Other
pharmacy,Healthcare & Medical
psychiatrist,Healthcare & Medical
public_transportation,Food & Dining
cycling_classes,Entertainment & Recreation
jewelry_and_watches_manufacturer,Industrial & Manufacturing
computer_wholesaler,Retail & Shopping
social_security_law,Professional Services
ukrainian_restaurant,Food & Dining
skyscraper,Other
taxidermist,Professional Services
laser_eye_surgery_lasik,Beauty & Personal Care
boxing_club,Entertainment & Recreation
salad_bar,Food & Dining
music_venue,Entertainment & Recreation
carpet_installation,Automotive
kids_hair_salon,Beauty & Personal Care
window_washing,Automotive
floral_designer,Transportation
hockey_equipment,Retail & Shopping
student_union,Education & Learning
retaining_wall_supplier,Home & Garden
tours,Entertainment & Recreation
visitor_center,Community & Social Services
laboratory_testing,Healthcare & Medical
janitorial_services,Professional Services
department_of_social_service,Automotive
lawn_mower_repair_service,Professional Services
eye_care_clinic,Healthcare & Medical
automobile_leasing,Automotive
track_stadium,Entertainment & Recreation
wallpaper_store,Retail & Shopping
podiatry,Other
rock_climbing_gym,Entertainment & Recreation
dumpling_restaurant,Food & Dining
furniture_store,Retail & Shopping
art_museum,Entertainment & Recreation
obstetrician_and_gynecologist,Healthcare & Medical
social_and_human_services,Automotive
grilling_equipment,Other
guatemalan_restaurant,Food & Dining
post_office,Government & Public Services
arcade,Entertainment & Recreation
dermatologist,Healthcare & Medical
political_organization,Community & Social Services
french_restaurant,Food & Dining
building_contractor,Professional Services
bubble_soccer_field,Entertainment & Recreation
bagel_shop,Retail & Shopping
wedding_chapel,Religious & Spiritual
bar,Food & Dining
periodontist,Healthcare & Medical
hotel_bar,Food & Dining
naturopathic_holistic,Healthcare & Medical
mobile_phone_accessories,Automotive
kombucha,Food & Dining
software_development,Industrial & Manufacturing
b2b_tractor_dealers,Automotive
merchandising_service,Automotive
stress_management_services,Professional Services
anglican_church,Religious & Spiritual
record_label,Other
pet_transportation,Transportation
mass_media,Religious & Spiritual
childbirth_education,Education & Learning
blacksmiths,Other
oxygen_bar,Food & Dining
real_estate,Professional Services
masonry_concrete,Home & Garden
taekwondo_club,Entertainment & Recreation
business_brokers,Professional Services
military_surplus_store,Retail & Shopping
moroccan_restaurant,Food & Dining
youth_organizations,Community & Social Services
sailing_area,Entertainment & Recreation
instrumentation_engineers,Professional Services
lodge,Accommodation
tax_services,Professional Services
embassy,Government & Public Services
hydraulic_equipment_supplier,Industrial & Manufacturing
acai_bowls,Food & Dining
aircraft_parts_and_supplies,Automotive
british_restaurant,Food & Dining
natural_hot_springs,Natural Features & Outdoor
indoor_golf_center,Entertainment & Recreation
calligraphy,Other
metro_station,Transportation
television_service_providers,Automotive
memory_care,Healthcare & Medical
circus_school,Entertainment & Recreation
language_school,Education & Learning
furniture_manufacturers,Industrial & Manufacturing
middle_eastern_restaurant,Food & Dining
hospital_equipment_and_supplies,Healthcare & Medical
indian_sweets_shop,Retail & Shopping
registry_office,Government & Public Services
university_housing,Education & Learning
acne_treatment,Community & Social Services
rest_stop,Other
caterer,Food & Dining
auditorium,Government & Public Services
convents_and_monasteries,Religious & Spiritual
appraisal_services,Professional Services
musical_instrument_services,Entertainment & Recreation
sugar_shack,Other
podiatrist,Healthcare & Medical
cards_and_stationery_store,Retail & Shopping
archery_shop,Retail & Shopping
newspaper_advertising,Professional Services
karaoke_rental,Entertainment & Recreation
club_crawl,Entertainment & Recreation
home_security,Professional Services
meditation_center,Beauty & Personal Care
dentistry_schools,Healthcare & Medical
military_museum,Entertainment & Recreation
holiday_park,Entertainment & Recreation
music_school,Entertainment & Recreation
motorsport_vehicle_dealer,Automotive
3d_printing_service,Automotive
botanical_garden,Home & Garden
pet_groomer,Other
public_plaza,Food & Dining
traffic_school,Education & Learning
exterior_design,Transportation
rv_and_boat_storage_facility,Professional Services
life_insurance,Professional Services
b2b_energy_and_mining,Other
potato_restaurant,Food & Dining
lice_treatment,Community & Social Services
media_critic,Other
pancake_house,Home & Garden
computer_coaching,Education & Learning
college_counseling,Healthcare & Medical
romanian_restaurant,Food & Dining
septic_services,Automotive
mobile_dent_repair,Automotive
immigration_law,Professional Services
boat_parts_and_accessories,Retail & Shopping
airsoft_fields,Natural Features & Outdoor
beach_volleyball_court,Entertainment & Recreation
airport,Transportation
specialty_school,Retail & Shopping
marble_and_granite_professionals,Other
bird_shop,Retail & Shopping
blueprinters,Other
commercial_industrial,Government & Public Services
cupcake_shop,Retail & Shopping
junkyard,Automotive
cannabis_tour,Entertainment & Recreation
boat_storage_facility,Professional Services
climbing_service,Entertainment & Recreation
salsa_club,Entertainment & Recreation
lingerie_store,Retail & Shopping
tax_office,Professional Services
funeral_services_and_cemeteries,Automotive
it_support_and_service,Automotive
livestock_dealers,Automotive
wok_restaurant,Food & Dining
home_health_care,Healthcare & Medical
cosmetology_school,Education & Learning
used_bookstore,Retail & Shopping
office_of_vital_records,Government & Public Services
hospital,Healthcare & Medical
fair,Entertainment & Recreation
auto_company,Automotive
river,Natural Features & Outdoor
lighting_fixtures_and_equipment,Other
holistic_animal_care,Automotive
campus_building,Education & Learning
cooking_school,Education & Learning
automobile_registration_service,Automotive
coach_bus,Transportation
hvac_services,Professional Services
home_goods_store,Retail & Shopping
bubble_tea,Food & Dining
drama_school,Education & Learning
pediatric_anesthesiology,Healthcare & Medical
canteen,Other
horse_riding,Other
b2b_electronic_equipment,Other
food_court,Food & Dining
paternity_tests_and_services,Automotive
dairy_stores,Retail & Shopping
roadside_assistance,Automotive
ziplining_center,Community & Social Services
cosmetic_and_beauty_supplies,Retail & Shopping
tea_room,Food & Dining
transmission_repair,Automotive
clothing_store,Retail & Shopping
medical_school,Healthcare & Medical
preventive_medicine,Healthcare & Medical
flyboarding_rental,Automotive
home_cleaning,Professional Services
childrens_hospital,Healthcare & Medical
american_restaurant,Food & Dining
plastic_manufacturer,Industrial & Manufacturing
editorial_services,Automotive
iron_and_steel_store,Retail & Shopping
slovakian_restaurant,Food & Dining
bingo_hall,Other
brokers,Industrial & Manufacturing
ski_and_snowboard_shop,Retail & Shopping
landscape_architect,Professional Services
community_gardens,Home & Garden
kids_recreation_and_party,Entertainment & Recreation
pet_insurance,Professional Services
immigration_and_naturalization,Government & Public Services
board_of_education_offices,Education & Learning
onsen,Other
fuel_dock,Transportation
high_gliding_center,Community & Social Services
public_school,Food & Dining
clothing_rental,Automotive
warehouses,Retail & Shopping
shredding_services,Automotive
ice_skating_rink,Entertainment & Recreation
rental_kiosks,Automotive
modern_art_museum,Entertainment & Recreation
singaporean_restaurant,Food & Dining
wills_trusts_and_probate,Government & Public Services
hair_replacement,Beauty & Personal Care
cancer_treatment_center,Healthcare & Medical
greenhouses,Home & Garden
skating_rink,Entertainment & Recreation
environmental_medicine,Healthcare & Medical
steakhouse,Food & Dining
contract_law,Professional Services
bike_parking,Entertainment & Recreation
gunsmith,Other
social_service_organizations,Automotive
occupational_safety,Home & Garden
child_psychiatrist,Healthcare & Medical
esports_league,Entertainment & Recreation
business_signage,Professional Services
greek_restaurant,Food & Dining
glass_blowing,Automotive
secretarial_services,Automotive
shopping,Retail & Shopping
bathroom_remodeling,Home & Garden
boxing_gym,Entertainment & Recreation
telephone_services,Automotive
trusts,Other
department_store,Retail & Shopping
hat_shop,Retail & Shopping
hockey_field,Entertainment & Recreation
wholesaler,Retail & Shopping
himalayan_nepalese_restaurant,Food & Dining
executive_search_consultants,Professional Services
ceiling_and_roofing_repair_and_service,Professional Services
adult_store,Retail & Shopping
colonics,Other
college_university,Education & Learning
town_car_service,Automotive
sommelier_service,Automotive
mechanical_engineers,Professional Services
landmark_and_historical_building,Natural Features & Outdoor
environmental_conservation_and_ecological_organizations,Automotive
public_adjuster,Food & Dining
bus_tours,Entertainment & Recreation
exporters,Transportation
laboratory_equipment_supplier,Healthcare & Medical
customized_merchandise,Other
produce_wholesaler,Retail & Shopping
medical_cannabis_referral,Healthcare & Medical
hunting_and_fishing_supplies,Entertainment & Recreation
housing_authorities,Community & Social Services
makeup_artist,Beauty & Personal Care
boat_tours,Entertainment & Recreation
eatertainment,Other
cotton_mill,Industrial & Manufacturing
metal_materials_and_experts,Other
pick_your_own_farm,Other
pediatric_endocrinology,Healthcare & Medical
country_dance_hall,Entertainment & Recreation
snorkeling_equipment_rental,Entertainment & Recreation
costume_store,Retail & Shopping
e_cigarette_store,Retail & Shopping
portuguese_restaurant,Food & Dining
engine_repair_service,Automotive
automotive_storage_facility,Professional Services
commercial_refrigeration,Other
swimming_instructor,Entertainment & Recreation
football_stadium,Entertainment & Recreation
firearm_training,Education & Learning
castle,Other
public_toilet,Food & Dining
bike_tours,Entertainment & Recreation
childproofing,Professional Services
window_supplier,Automotive
boat_charter,Automotive
hazardous_waste_disposal,Professional Services
airport_terminal,Transportation
auto_restoration_services,Automotive
powder_coating_service,Automotive
commercial_printer,Other
mongolian_restaurant,Food & Dining
fishing_club,Entertainment & Recreation
bedding_and_bath_stores,Retail & Shopping
photography_classes,Education & Learning
escrow_services,Automotive
casino,Entertainment & Recreation
peruvian_restaurant,Food & Dining
appliance_repair_service,Automotive
wildlife_sanctuary,Religious & Spiritual
reflexology,Beauty & Personal Care
aggregate_supplier,Home & Garden
furniture_reupholstery,Other
aesthetician,Beauty & Personal Care
fabric_wholesaler,Retail & Shopping
community_services_non_profits,Automotive
builders,Other
e_commerce_service,Automotive
addiction_rehabilitation_center,Healthcare & Medical
ski_and_snowboard_school,Education & Learning
trains,Transportation
neurotologist,Healthcare & Medical
auto_upholstery,Automotive
permanent_makeup,Beauty & Personal Care
backflow_services,Automotive
trailer_repair,Automotive
bicycle_path,Natural Features & Outdoor
pest_control_service,Professional Services
b2b_oil_and_gas_extraction_and_services,Automotive
social_welfare_center,Government & Public Services
azerbaijani_restaurant,Food & Dining
mortgage_broker,Professional Services
animal_physical_therapy,Healthcare & Medical
diagnostic_services,Healthcare & Medical
desserts,Other
fashion,Other
grain_production,Industrial & Manufacturing
private_tutor,Education & Learning
museum,Entertainment & Recreation
balloon_services,Automotive
mortgage_lender,Professional Services
bicycle_shop,Retail & Shopping
disability_law,Professional Services
home_and_rental_insurance,Professional Services
oil_change_station,Automotive
metal_fabricator,Other
race_track,Entertainment & Recreation
tobacco_company,Other
caricature,Automotive
lingerie_wholesaler,Retail & Shopping
soccer_field,Entertainment & Recreation
civilization_museum,Entertainment & Recreation
copywriting_service,Automotive
kitchen_incubator,Home & Garden
bolivian_restaurant,Food & Dining
check_cashing_payday_loans,Professional Services
business_office_supplies_and_stationery,Professional Services
surfing_school,Entertainment & Recreation
homeopathic_medicine,Healthcare & Medical
hong_kong_style_cafe,Food & Dining
dinner_theater,Entertainment & Recreation
estate_planning_law,Professional Services
dog_park,Entertainment & Recreation
machine_and_tool_rentals,Automotive
stucco_services,Automotive
public_market,Food & Dining
bail_bonds_service,Automotive
bar_and_grill_restaurant,Food & Dining
safe_store,Retail & Shopping
accommodation,Other
asian_fusion_restaurant,Food & Dining
private_association,Community & Social Services
internet_cafe,Food & Dining
motorcycle_manufacturer,Automotive
shooting_range,Other
sports_club_and_league,Entertainment & Recreation
drugstore,Retail & Shopping
professional_services,Automotive
cheesesteak_restaurant,Food & Dining
game_truck_rental,Entertainment & Recreation
handbag_stores,Retail & Shopping
bulgarian_restaurant,Food & Dining
sushi_restaurant,Food & Dining
notary_public,Food & Dining
driving_school,Education & Learning
mediator,Other
senegalese_restaurant,Food & Dining
gay_and_lesbian_services_organization,Automotive
paddle_tennis_club,Entertainment & Recreation
golf_cart_dealer,Entertainment & Recreation
social_club,Entertainment & Recreation
wig_store,Retail & Shopping
tile_store,Retail & Shopping
mission,Religious & Spiritual
drywall_services,Professional Services
imported_food,Food & Dining
veterans_organization,Government & Public Services
psychic_medium,Other
spring_supplier,Natural Features & Outdoor
